{
  "version": 1,
  "author": "Anonymous maker",
  "editor": "wokwi",
  "parts": [
    { "type": "wokwi-breadboard-mini", "id": "bb1", "top": -97.4, "left": 93.6, "attrs": {} },
    { "type": "wokwi-breadboard", "id": "bb2", "top": 371.4, "left": -141.2, "attrs": {} },
    { "type": "wokwi-breadboard-mini", "id": "bb3", "top": 401.8, "left": -357.6, "attrs": {} },
    { "type": "wokwi-arduino-uno", "id": "uno", "top": 98.47, "left": -102.94, "attrs": {} },
    {
      "type": "wokwi-hc-sr04",
      "id": "ultrasonic1",
      "top": -88.03,
      "left": -133.46,
      "attrs": { "distance": "101" }
    },
    {
      "type": "wokwi-led",
      "id": "led2",
      "top": -118.8,
      "left": 157.4,
      "attrs": { "color": "red" }
    },
    {
      "type": "wokwi-resistor",
      "id": "r1",
      "top": -44.6,
      "left": 152.75,
      "rotate": 270,
      "attrs": { "value": "220" }
    },
    {
      "type": "wokwi-led",
      "id": "led1",
      "top": 380.4,
      "left": -34.6,
      "attrs": { "color": "red" }
    },
    { "type": "wokwi-led", "id": "led3", "top": 380.4, "left": -5.8, "attrs": { "color": "red" } },
    { "type": "wokwi-led", "id": "led4", "top": 380.4, "left": 23, "attrs": { "color": "red" } },
    {
      "type": "wokwi-pushbutton",
      "id": "btn1",
      "top": 419,
      "left": 230.4,
      "attrs": { "color": "green" }
    },
    {
      "type": "wokwi-pushbutton",
      "id": "btn2",
      "top": 419,
      "left": 316.8,
      "attrs": { "color": "green" }
    },
    { "type": "wokwi-74hc595", "id": "sr1", "top": 450, "left": -340.16, "attrs": {} },
    {
      "type": "wokwi-resistor",
      "id": "r2",
      "top": 464.2,
      "left": -39.25,
      "rotate": 270,
      "attrs": { "value": "1000" }
    },
    {
      "type": "wokwi-resistor",
      "id": "r3",
      "top": 464.2,
      "left": -10.45,
      "rotate": 270,
      "attrs": { "value": "1000" }
    },
    {
      "type": "wokwi-resistor",
      "id": "r4",
      "top": 464.2,
      "left": 18.35,
      "rotate": 270,
      "attrs": { "value": "1000" }
    }
  ],
  "connections": [
    [ "ultrasonic1:VCC", "uno:5V", "red", [ "v0" ] ],
    [ "uno:12", "ultrasonic1:TRIG", "green", [ "v-24.04", "h-199.7" ] ],
    [ "ultrasonic1:ECHO", "uno:11", "blue", [ "v0" ] ],
    [ "ultrasonic1:GND", "uno:GND.2", "black", [ "v200.07", "h95.53" ] ],
    [ "led2:A", "bb1:9t.b", "", [ "$bb" ] ],
    [ "led2:C", "bb1:8t.b", "", [ "$bb" ] ],
    [ "uno:GND.1", "bb1:8t.c", "black", [ "v0" ] ],
    [ "bb1:9b.h", "uno:7", "green", [ "v0" ] ],
    [ "led1:A", "bb2:12t.a", "", [ "$bb" ] ],
    [ "led1:C", "bb2:11t.a", "", [ "$bb" ] ],
    [ "led4:A", "bb2:18t.a", "", [ "$bb" ] ],
    [ "led4:C", "bb2:17t.a", "", [ "$bb" ] ],
    [ "btn1:1.l", "bb2:37t.b", "", [ "$bb" ] ],
    [ "btn1:2.l", "bb2:37t.d", "", [ "$bb" ] ],
    [ "btn1:1.r", "bb2:44t.b", "", [ "$bb" ] ],
    [ "btn1:2.r", "bb2:44t.d", "", [ "$bb" ] ],
    [ "btn2:1.l", "bb2:46t.b", "", [ "$bb" ] ],
    [ "btn2:2.l", "bb2:46t.d", "", [ "$bb" ] ],
    [ "btn2:1.r", "bb2:53t.b", "", [ "$bb" ] ],
    [ "btn2:2.r", "bb2:53t.d", "", [ "$bb" ] ],
    [ "bb2:11t.b", "bb2:14t.b", "black", [ "v0" ] ],
    [ "bb2:14t.b", "bb2:17t.b", "black", [ "v0" ] ],
    [ "led3:A", "bb2:15t.a", "", [ "$bb" ] ],
    [ "led3:C", "bb2:14t.a", "", [ "$bb" ] ],
    [ "bb2:11t.b", "uno:GND.2", "black", [ "v0" ] ],
    [ "r1:1", "bb1:9b.g", "", [ "$bb" ] ],
    [ "r1:2", "bb1:9t.c", "", [ "$bb" ] ],
    [ "sr1:OE", "uno:GND.1", "black", [ "v0" ] ],
    [ "sr1:DS", "uno:2", "green", [ "v-178.36", "h142.93" ] ],
    [ "sr1:STCP", "uno:3", "blue", [ "v-216.88", "h469.11", "v-88.3" ] ],
    [ "sr1:SHCP", "uno:4", "green", [ "v-195.68", "h154.69" ] ],
    [ "sr1:VCC", "uno:5V", "red", [ "v0" ] ],
    [ "sr1:MR", "uno:5V", "red", [ "v-125.31", "h319.57", "v-22.03" ] ],
    [ "r2:1", "bb2:12b.g", "", [ "$bb" ] ],
    [ "r2:2", "bb2:12t.c", "", [ "$bb" ] ],
    [ "r4:1", "bb2:18b.g", "", [ "$bb" ] ],
    [ "r4:2", "bb2:18t.c", "", [ "$bb" ] ],
    [ "r3:1", "bb2:15b.g", "", [ "$bb" ] ],
    [ "r3:2", "bb2:15t.c", "", [ "$bb" ] ],
    [ "sr1:Q0", "bb2:12b.h", "green", [ "v0" ] ],
    [ "sr1:Q1", "bb2:15b.i", "green", [ "v0" ] ],
    [ "sr1:Q2", "bb2:18b.j", "green", [ "v0" ] ],
    [ "sr1:Q1", "bb3:2b.f", "", [ "$bb" ] ],
    [ "sr1:Q2", "bb3:3b.f", "", [ "$bb" ] ],
    [ "sr1:Q3", "bb3:4b.f", "", [ "$bb" ] ],
    [ "sr1:Q4", "bb3:5b.f", "", [ "$bb" ] ],
    [ "sr1:Q5", "bb3:6b.f", "", [ "$bb" ] ],
    [ "sr1:Q6", "bb3:7b.f", "", [ "$bb" ] ],
    [ "sr1:Q7", "bb3:8b.f", "", [ "$bb" ] ],
    [ "sr1:GND", "bb3:9b.f", "", [ "$bb" ] ],
    [ "sr1:Q7S", "bb3:9t.e", "", [ "$bb" ] ],
    [ "sr1:MR", "bb3:8t.e", "", [ "$bb" ] ],
    [ "sr1:SHCP", "bb3:7t.e", "", [ "$bb" ] ],
    [ "sr1:STCP", "bb3:6t.e", "", [ "$bb" ] ],
    [ "sr1:OE", "bb3:5t.e", "", [ "$bb" ] ],
    [ "sr1:DS", "bb3:4t.e", "", [ "$bb" ] ],
    [ "sr1:Q0", "bb3:3t.e", "", [ "$bb" ] ],
    [ "sr1:VCC", "bb3:2t.e", "", [ "$bb" ] ]
  ],
  "dependencies": {}
}